dataset,task,mechanism,missing_rate,imputer,seed,logistic_regression__accuracy,logistic_regression__macro_f1,logistic_regression__weighted_f1,random_forest__accuracy,random_forest__macro_f1,random_forest__weighted_f1,lightgbm__accuracy,lightgbm__macro_f1,lightgbm__weighted_f1,ridge__mae,ridge__rmse,ridge__r2,random_forest__mae,random_forest__rmse,random_forest__r2,lightgbm__mae,lightgbm__rmse,lightgbm__r2
adult,classification,NONE,0.0,dropna,42,0.8091763405196241,0.7742666199497235,0.8190299698286431,0.7904919845218352,0.7603454610892633,0.8032065251092013,0.8310668877833057,0.7976652260988721,0.8391196421377024,,,,,,,,,
adult,classification,NONE,0.0,dropna,123,0.8037589828634605,0.7687806881938155,0.814129182221175,0.7922609176340519,0.7618542844952613,0.8047641402335113,0.8297401879491432,0.7968592660105402,0.8380711057912406,,,,,,,,,
bank_marketing,classification,NONE,0.0,dropna,42,0.8247291268323773,0.7802325137203469,0.834120055095398,0.8291905672402804,0.7777216271192176,0.8360076454020106,0.8330146590184832,0.7895568324227804,0.8416696539365612,,,,,,,,,
bank_marketing,classification,NONE,0.0,dropna,123,0.8209050350541747,0.7710781816850707,0.8292775800875076,0.8432122370936902,0.7905038667124042,0.8477664546107517,0.8425748884639898,0.7956273859503221,0.849005197983814,,,,,,,,,
air_quality_uci,regression,NONE,0.0,dropna,42,,,,,,,,,,0.4753311067686705,0.6534892902893527,0.9928225739843576,0.07251807228915658,0.23469339136798634,0.9990742504774179,0.18464446857408054,0.6724418124123471,0.9924002169363577
air_quality_uci,regression,NONE,0.0,dropna,123,,,,,,,,,,0.4182207727991094,0.5173026472555111,0.9953452987976907,0.05251807228915663,0.12473383711119392,0.9997293730949383,0.14203594265284927,0.3758554844534664,0.997542779162297
communities_crime,regression,NONE,0.0,dropna,42,,,,,,,,,,0.1578998809853728,0.20594674450926798,0.40958889197672066,0.10867802203067528,0.1433880786939234,0.7137992626901062,0.12045371565801305,0.1511053445086496,0.6821631060690659
communities_crime,regression,NONE,0.0,dropna,123,,,,,,,,,,0.1566513456265859,0.20030149418430282,0.48976517524964214,0.13861221799912044,0.17092848207892536,0.6284385998522106,0.13636918476499177,0.17537587097826524,0.6088517417379149
