{"key": "adult", "seed": 123, "exp_cache": {"MCAR_1": {"dataset": "adult", "mechanism": "MCAR", "rate": 0.01, "results": {"dropna": {"logistic_regression": {"accuracy": 0.8101939901103081, "macro_f1": 0.774980827750611, "weighted_f1": 0.819911468569186}, "random_forest": {"accuracy": 0.7859769240522378, "macro_f1": 0.7558380237891684, "weighted_f1": 0.7991375409119688}, "lightgbm": {"accuracy": 0.8302269557499683, "macro_f1": 0.797269864996925, "weighted_f1": 0.8385284116283291}}, "simple_mean": {"logistic_regression": {"accuracy": 0.8083734261439247, "macro_f1": 0.7697978987268093, "weighted_f1": 0.8189264711537582, "imp_mae_num": 12071.524571770866, "imp_rmse_num": 16042.240892124568, "imp_acc_cat": 0.558199894228933, "imp_n_num": 2336, "imp_n_cat": 3098}, "random_forest": {"accuracy": 0.7858532091309244, "macro_f1": 0.7527396068292282, "weighted_f1": 0.7999137541082599, "imp_mae_num": 12071.524571770866, "imp_rmse_num": 16042.240892124568, "imp_acc_cat": 0.558199894228933, "imp_n_num": 2336, "imp_n_cat": 3098}, "lightgbm": {"accuracy": 0.8318149247620023, "macro_f1": 0.7961110605743782, "weighted_f1": 0.8405924158355254, "imp_mae_num": 12071.524571770866, "imp_rmse_num": 16042.240892124568, "imp_acc_cat": 0.558199894228933, "imp_n_num": 2336, "imp_n_cat": 3098}}, "simple_median": {"logistic_regression": {"accuracy": 0.8082710615211383, "macro_f1": 0.7698369920677932, "weighted_f1": 0.8188712394941174, "imp_mae_num": 11787.151080190532, "imp_rmse_num": 16038.235580138047, "imp_acc_cat": 0.558199894228933, "imp_n_num": 2336, "imp_n_cat": 3098}, "random_forest": {"accuracy": 0.7860579383764971, "macro_f1": 0.7529759934383782, "weighted_f1": 0.8001050411502214, "imp_mae_num": 11787.151080190532, "imp_rmse_num": 16038.235580138047, "imp_acc_cat": 0.558199894228933, "imp_n_num": 2336, "imp_n_cat": 3098}, "lightgbm": {"accuracy": 0.8298699969290613, "macro_f1": 0.7941160015581981, "weighted_f1": 0.838845821853901, "imp_mae_num": 11787.151080190532, "imp_rmse_num": 16038.235580138047, "imp_acc_cat": 0.558199894228933, "imp_n_num": 2336, "imp_n_cat": 3098}}, "simple_freq": {"logistic_regression": {"accuracy": 0.808475790766711, "macro_f1": 0.7700827614302408, "weighted_f1": 0.8190646498096604, "imp_mae_num": 16317.562895907917, "imp_rmse_num": 21394.66741421189, "imp_acc_cat": 0.558199894228933, "imp_n_num": 2336, "imp_n_cat": 3098}, "random_forest": {"accuracy": 0.7859555737537107, "macro_f1": 0.7524929481864229, "weighted_f1": 0.7999387032015111, "imp_mae_num": 16317.562895907917, "imp_rmse_num": 21394.66741421189, "imp_acc_cat": 0.558199894228933, "imp_n_num": 2336, "imp_n_cat": 3098}, "lightgbm": {"accuracy": 0.8304841846657796, "macro_f1": 0.7947744687225319, "weighted_f1": 0.8394050413112337, "imp_mae_num": 16317.562895907917, "imp_rmse_num": 21394.66741421189, "imp_acc_cat": 0.558199894228933, "imp_n_num": 2336, "imp_n_cat": 3098}}, "simple_const": {"logistic_regression": {"accuracy": 0.8069403214249156, "macro_f1": 0.7685874514575008, "weighted_f1": 0.8177026555671421, "imp_mae_num": 30641.0170167367, "imp_rmse_num": 34769.82658552034, "imp_acc_cat": 0.558199894228933, "imp_n_num": 2336, "imp_n_cat": 3098}, "random_forest": {"accuracy": 0.7856484798853516, "macro_f1": 0.7519432698212212, "weighted_f1": 0.7996135377625198, "imp_mae_num": 30641.0170167367, "imp_rmse_num": 34769.82658552034, "imp_acc_cat": 0.558199894228933, "imp_n_num": 2336, "imp_n_cat": 3098}, "lightgbm": {"accuracy": 0.8306889139113522, "macro_f1": 0.7950646917702027, "weighted_f1": 0.8396102757046182, "imp_mae_num": 30641.0170167367, "imp_rmse_num": 34769.82658552034, "imp_acc_cat": 0.558199894228933, "imp_n_num": 2336, "imp_n_cat": 3098}}, "knn_3": {"logistic_regression": {"accuracy": 0.8079639676527792, "macro_f1": 0.769445180252661, "weighted_f1": 0.8185752038511589, "imp_mae_num": 15028.58913136935, "imp_rmse_num": 19446.050171943527, "imp_acc_cat": 0.558199894228933, "imp_n_num": 2336, "imp_n_cat": 3098}, "random_forest": {"accuracy": 0.7892312416828744, "macro_f1": 0.7551644718723991, "weighted_f1": 0.802777550534515, "imp_mae_num": 15028.58913136935, "imp_rmse_num": 19446.050171943527, "imp_acc_cat": 0.558199894228933, "imp_n_num": 2336, "imp_n_cat": 3098}, "lightgbm": {"accuracy": 0.8286416214556249, "macro_f1": 0.7926722754276934, "weighted_f1": 0.8376936269440992, "imp_mae_num": 15028.58913136935, "imp_rmse_num": 19446.050171943527, "imp_acc_cat": 0.558199894228933, "imp_n_num": 2336, "imp_n_cat": 3098}}, "knn_5": {"logistic_regression": {"accuracy": 0.8078616030299929, "macro_f1": 0.769345453342898, "weighted_f1": 0.8184844188630318, "imp_mae_num": 13929.598836480478, "imp_rmse_num": 17883.04373095961, "imp_acc_cat": 0.558199894228933, "imp_n_num": 2336, "imp_n_cat": 3098}, "random_forest": {"accuracy": 0.7871839492271471, "macro_f1": 0.7531358962711723, "weighted_f1": 0.8009326806440443, "imp_mae_num": 13929.598836480478, "imp_rmse_num": 17883.04373095961, "imp_acc_cat": 0.558199894228933, "imp_n_num": 2336, "imp_n_cat": 3098}, "lightgbm": {"accuracy": 0.8298699969290613, "macro_f1": 0.7942009513863306, "weighted_f1": 0.8388683841252358, "imp_mae_num": 13929.598836480478, "imp_rmse_num": 17883.04373095961, "imp_acc_cat": 0.558199894228933, "imp_n_num": 2336, "imp_n_cat": 3098}}, "knn_7": {"logistic_regression": {"accuracy": 0.8079639676527792, "macro_f1": 0.7695377486568369, "weighted_f1": 0.8185988500221751, "imp_mae_num": 13428.974046731522, "imp_rmse_num": 17331.749773090312, "imp_acc_cat": 0.558199894228933, "imp_n_num": 2336, "imp_n_cat": 3098}, "random_forest": {"accuracy": 0.7872863138499334, "macro_f1": 0.7536231746859361, "weighted_f1": 0.8011020912636816, "imp_mae_num": 13428.974046731522, "imp_rmse_num": 17331.749773090312, "imp_acc_cat": 0.558199894228933, "imp_n_num": 2336, "imp_n_cat": 3098}, "lightgbm": {"accuracy": 0.8291534445695568, "macro_f1": 0.7936527016753361, "weighted_f1": 0.8382739463841875, "imp_mae_num": 13428.974046731522, "imp_rmse_num": 17331.749773090312, "imp_acc_cat": 0.558199894228933, "imp_n_num": 2336, "imp_n_cat": 3098}}, "iterative": {"logistic_regression": {"accuracy": 0.8081686968983519, "macro_f1": 0.7696446768007826, "weighted_f1": 0.8187567755134035, "imp_mae_num": 12092.642725982305, "imp_rmse_num": 16046.111300989076, "imp_acc_cat": 0.558199894228933, "imp_n_num": 2336, "imp_n_cat": 3098}, "random_forest": {"accuracy": 0.7889241478145153, "macro_f1": 0.7553054285065959, "weighted_f1": 0.802590746770952, "imp_mae_num": 12092.642725982305, "imp_rmse_num": 16046.111300989076, "imp_acc_cat": 0.558199894228933, "imp_n_num": 2336, "imp_n_cat": 3098}, "lightgbm": {"accuracy": 0.8299723615518477, "macro_f1": 0.7940482943618044, "weighted_f1": 0.8388917439203559, "imp_mae_num": 12092.642725982305, "imp_rmse_num": 16046.111300989076, "imp_acc_cat": 0.558199894228933, "imp_n_num": 2336, "imp_n_cat": 3098}}, "miceforest": {"logistic_regression": {"accuracy": 0.7931210973487562, "macro_f1": 0.7527855677346217, "weighted_f1": 0.8048455911316789, "imp_mae_num": 17666.19021906473, "imp_rmse_num": 24065.40211142199, "imp_acc_cat": 0.0, "imp_n_num": 2336, "imp_n_cat": 3098}, "random_forest": {"accuracy": 0.8021291841539564, "macro_f1": 0.7673737731549364, "weighted_f1": 0.8142512382550446, "imp_mae_num": 17666.19021906473, "imp_rmse_num": 24065.40211142199, "imp_acc_cat": 0.0, "imp_n_num": 2336, "imp_n_cat": 3098}, "lightgbm": {"accuracy": 0.8265943289998976, "macro_f1": 0.7907975204187719, "weighted_f1": 0.8359133694916928, "imp_mae_num": 17666.19021906473, "imp_rmse_num": 24065.40211142199, "imp_acc_cat": 0.0, "imp_n_num": 2336, "imp_n_cat": 3098}}}}}}