{"key": "adult", "seed": 42, "exp_cache": {"MCAR_1": {"dataset": "adult", "mechanism": "MCAR", "rate": 0.01, "results": {"dropna": {"logistic_regression": {"accuracy": 0.805898055167154, "macro_f1": 0.7701638988900992, "weighted_f1": 0.8156552538669172}, "random_forest": {"accuracy": 0.7912800305071819, "macro_f1": 0.760280840926832, "weighted_f1": 0.8035525976086283}, "lightgbm": {"accuracy": 0.8327189525867548, "macro_f1": 0.7987773372406877, "weighted_f1": 0.8402615337747696}}, "simple_mean": {"logistic_regression": {"accuracy": 0.8090899785034292, "macro_f1": 0.7702181072018821, "weighted_f1": 0.8194899938466753, "imp_mae_num": 12752.356173237975, "imp_rmse_num": 17850.732366827157, "imp_acc_cat": 0.5648387374777442, "imp_n_num": 2353, "imp_n_cat": 3083}, "random_forest": {"accuracy": 0.7930187327259699, "macro_f1": 0.7594145978566581, "weighted_f1": 0.8062910314062076, "imp_mae_num": 12752.356173237975, "imp_rmse_num": 17850.732366827157, "imp_acc_cat": 0.5648387374777442, "imp_n_num": 2353, "imp_n_cat": 3083}, "lightgbm": {"accuracy": 0.8334527587265841, "macro_f1": 0.7972501669377858, "weighted_f1": 0.8419158161578317, "imp_mae_num": 12752.356173237975, "imp_rmse_num": 17850.732366827157, "imp_acc_cat": 0.5648387374777442, "imp_n_num": 2353, "imp_n_cat": 3083}}, "simple_median": {"logistic_regression": {"accuracy": 0.8087828846350701, "macro_f1": 0.7698251535676897, "weighted_f1": 0.8191935846018198, "imp_mae_num": 12429.627812784027, "imp_rmse_num": 17776.732701979297, "imp_acc_cat": 0.5648387374777442, "imp_n_num": 2353, "imp_n_cat": 3083}, "random_forest": {"accuracy": 0.7939400143310472, "macro_f1": 0.7605493142035118, "weighted_f1": 0.8071663196173106, "imp_mae_num": 12429.627812784027, "imp_rmse_num": 17776.732701979297, "imp_acc_cat": 0.5648387374777442, "imp_n_num": 2353, "imp_n_cat": 3083}, "lightgbm": {"accuracy": 0.8340669464633023, "macro_f1": 0.7977846392832251, "weighted_f1": 0.8424404610493279, "imp_mae_num": 12429.627812784027, "imp_rmse_num": 17776.732701979297, "imp_acc_cat": 0.5648387374777442, "imp_n_num": 2353, "imp_n_cat": 3083}}, "simple_freq": {"logistic_regression": {"accuracy": 0.8085781553894974, "macro_f1": 0.7696720755058784, "weighted_f1": 0.8190241713582499, "imp_mae_num": 13137.16328297714, "imp_rmse_num": 18262.192149856037, "imp_acc_cat": 0.5648387374777442, "imp_n_num": 2353, "imp_n_cat": 3083}, "random_forest": {"accuracy": 0.7926092742348244, "macro_f1": 0.758895764682195, "weighted_f1": 0.8058990234151657, "imp_mae_num": 13137.16328297714, "imp_rmse_num": 18262.192149856037, "imp_acc_cat": 0.5648387374777442, "imp_n_num": 2353, "imp_n_cat": 3083}, "lightgbm": {"accuracy": 0.8339645818405159, "macro_f1": 0.7977239996111067, "weighted_f1": 0.8423608279773415, "imp_mae_num": 13137.16328297714, "imp_rmse_num": 18262.192149856037, "imp_acc_cat": 0.5648387374777442, "imp_n_num": 2353, "imp_n_cat": 3083}}, "simple_const": {"logistic_regression": {"accuracy": 0.8079639676527792, "macro_f1": 0.7696762882945273, "weighted_f1": 0.8186341469366506, "imp_mae_num": 30247.526661451437, "imp_rmse_num": 35769.18067250825, "imp_acc_cat": 0.5648387374777442, "imp_n_num": 2353, "imp_n_cat": 3083}, "random_forest": {"accuracy": 0.7904596171563107, "macro_f1": 0.7568498052277148, "weighted_f1": 0.8039794231110681, "imp_mae_num": 30247.526661451437, "imp_rmse_num": 35769.18067250825, "imp_acc_cat": 0.5648387374777442, "imp_n_num": 2353, "imp_n_cat": 3083}, "lightgbm": {"accuracy": 0.8344764049544477, "macro_f1": 0.798112776505867, "weighted_f1": 0.8427823278055828, "imp_mae_num": 30247.526661451437, "imp_rmse_num": 35769.18067250825, "imp_acc_cat": 0.5648387374777442, "imp_n_num": 2353, "imp_n_cat": 3083}}, "knn_3": {"logistic_regression": {"accuracy": 0.8080663322755656, "macro_f1": 0.769219639176091, "weighted_f1": 0.8185824655123246, "imp_mae_num": 15180.379402095336, "imp_rmse_num": 20860.935941845553, "imp_acc_cat": 0.5648387374777442, "imp_n_num": 2353, "imp_n_cat": 3083}, "random_forest": {"accuracy": 0.7923021803664654, "macro_f1": 0.7584311766053586, "weighted_f1": 0.805589465876905, "imp_mae_num": 15180.379402095336, "imp_rmse_num": 20860.935941845553, "imp_acc_cat": 0.5648387374777442, "imp_n_num": 2353, "imp_n_cat": 3083}, "lightgbm": {"accuracy": 0.8322243832531477, "macro_f1": 0.7960122002389928, "weighted_f1": 0.8408199378704532, "imp_mae_num": 15180.379402095336, "imp_rmse_num": 20860.935941845553, "imp_acc_cat": 0.5648387374777442, "imp_n_num": 2353, "imp_n_cat": 3083}}, "knn_5": {"logistic_regression": {"accuracy": 0.8082710615211383, "macro_f1": 0.7694192176928936, "weighted_f1": 0.8187639659764971, "imp_mae_num": 14514.427207509034, "imp_rmse_num": 19967.671285310902, "imp_acc_cat": 0.5648387374777442, "imp_n_num": 2353, "imp_n_cat": 3083}, "random_forest": {"accuracy": 0.7940423789538336, "macro_f1": 0.7600045031448752, "weighted_f1": 0.8071246177126993, "imp_mae_num": 14514.427207509034, "imp_rmse_num": 19967.671285310902, "imp_acc_cat": 0.5648387374777442, "imp_n_num": 2353, "imp_n_cat": 3083}, "lightgbm": {"accuracy": 0.8339645818405159, "macro_f1": 0.7976385034157475, "weighted_f1": 0.8423373962442919, "imp_mae_num": 14514.427207509034, "imp_rmse_num": 19967.671285310902, "imp_acc_cat": 0.5648387374777442, "imp_n_num": 2353, "imp_n_cat": 3083}}, "knn_7": {"logistic_regression": {"accuracy": 0.808475790766711, "macro_f1": 0.7697119706125153, "weighted_f1": 0.8189694895858982, "imp_mae_num": 14321.890210973283, "imp_rmse_num": 19657.915287002394, "imp_acc_cat": 0.5648387374777442, "imp_n_num": 2353, "imp_n_cat": 3083}, "random_forest": {"accuracy": 0.794451837444979, "macro_f1": 0.7601794102317507, "weighted_f1": 0.807444363331391, "imp_mae_num": 14321.890210973283, "imp_rmse_num": 19657.915287002394, "imp_acc_cat": 0.5648387374777442, "imp_n_num": 2353, "imp_n_cat": 3083}, "lightgbm": {"accuracy": 0.8342716757088751, "macro_f1": 0.7977773061467768, "weighted_f1": 0.8425642517322627, "imp_mae_num": 14321.890210973283, "imp_rmse_num": 19657.915287002394, "imp_acc_cat": 0.5648387374777442, "imp_n_num": 2353, "imp_n_cat": 3083}}, "iterative": {"logistic_regression": {"accuracy": 0.8087828846350701, "macro_f1": 0.7699184155320753, "weighted_f1": 0.8192177283942305, "imp_mae_num": 12773.352958726979, "imp_rmse_num": 17822.712220627207, "imp_acc_cat": 0.5648387374777442, "imp_n_num": 2353, "imp_n_cat": 3083}, "random_forest": {"accuracy": 0.7928140034803972, "macro_f1": 0.7590908807352398, "weighted_f1": 0.8060818148367681, "imp_mae_num": 12773.352958726979, "imp_rmse_num": 17822.712220627207, "imp_acc_cat": 0.5648387374777442, "imp_n_num": 2353, "imp_n_cat": 3083}, "lightgbm": {"accuracy": 0.8342716757088751, "macro_f1": 0.7975622135133247, "weighted_f1": 0.8425048315330212, "imp_mae_num": 12773.352958726979, "imp_rmse_num": 17822.712220627207, "imp_acc_cat": 0.5648387374777442, "imp_n_num": 2353, "imp_n_cat": 3083}}, "miceforest": {"logistic_regression": {"accuracy": 0.7626164397584195, "macro_f1": 0.7154866917380059, "weighted_f1": 0.7758568644412168, "imp_mae_num": 18377.86650475601, "imp_rmse_num": 25241.51381563256, "imp_acc_cat": 0.0, "imp_n_num": 2353, "imp_n_cat": 3083}, "random_forest": {"accuracy": 0.8057119459514792, "macro_f1": 0.7698768222383425, "weighted_f1": 0.8172200868482011, "imp_mae_num": 18377.86650475601, "imp_rmse_num": 25241.51381563256, "imp_acc_cat": 0.0, "imp_n_num": 2353, "imp_n_cat": 3083}, "lightgbm": {"accuracy": 0.8314054662708568, "macro_f1": 0.7949735150885493, "weighted_f1": 0.840031292497848, "imp_mae_num": 18377.86650475601, "imp_rmse_num": 25241.51381563256, "imp_acc_cat": 0.0, "imp_n_num": 2353, "imp_n_cat": 3083}}}}}}