{"key": "communities_crime", "seed": 456, "exp_cache": {"MCAR_1": {"dataset": "communities_crime", "mechanism": "MCAR", "rate": 0.01, "results": {"dropna": {"ridge_regression": {"mae": 0.33816208251853574, "rmse": 0.45118740749464586, "r2": -1.2562741253074527}, "random_forest": {"mae": 0.12148999999999999, "rmse": 0.1407628004836505, "r2": 0.7803891869125732}, "lightgbm": {"mae": 0.09224157744761237, "rmse": 0.11779983035774137, "r2": 0.8461961337081858}}, "simple_mean": {"ridge_regression": {"mae": 0.09853358659815663, "rmse": 0.14458141836751096, "r2": 0.6109401236943869, "imp_mae_num": 0.14592504924465263, "imp_rmse_num": 0.1837328758417768, "imp_acc_cat": null, "imp_n_num": 1579, "imp_n_cat": 0}, "random_forest": {"mae": 0.09415115645146133, "rmse": 0.13725375845905105, "r2": 0.6493773450792535, "imp_mae_num": 0.14592504924465263, "imp_rmse_num": 0.1837328758417768, "imp_acc_cat": null, "imp_n_num": 1579, "imp_n_cat": 0}, "lightgbm": {"mae": 0.09147953998405546, "rmse": 0.13950154907140758, "r2": 0.6377990851802374, "imp_mae_num": 0.14592504924465263, "imp_rmse_num": 0.1837328758417768, "imp_acc_cat": null, "imp_n_num": 1579, "imp_n_cat": 0}}, "simple_median": {"ridge_regression": {"mae": 0.09818757541531686, "rmse": 0.14396048390702423, "r2": 0.6142747420470478, "imp_mae_num": 0.1393327251101321, "imp_rmse_num": 0.18947052811139228, "imp_acc_cat": null, "imp_n_num": 1579, "imp_n_cat": 0}, "random_forest": {"mae": 0.09377087649675957, "rmse": 0.1380027643532762, "r2": 0.6455401459504262, "imp_mae_num": 0.1393327251101321, "imp_rmse_num": 0.18947052811139228, "imp_acc_cat": null, "imp_n_num": 1579, "imp_n_cat": 0}, "lightgbm": {"mae": 0.09162721160342559, "rmse": 0.13897351091939744, "r2": 0.6405358853692225, "imp_mae_num": 0.1393327251101321, "imp_rmse_num": 0.18947052811139228, "imp_acc_cat": null, "imp_n_num": 1579, "imp_n_cat": 0}}, "simple_freq": {"ridge_regression": {"mae": 0.09677055502927956, "rmse": 0.14195125025690328, "r2": 0.6249666178467901, "imp_mae_num": 0.16857561216451358, "imp_rmse_num": 0.22518181526355885, "imp_acc_cat": null, "imp_n_num": 1579, "imp_n_cat": 0}, "random_forest": {"mae": 0.09352385535276826, "rmse": 0.13928856137826964, "r2": 0.6389042405957958, "imp_mae_num": 0.16857561216451358, "imp_rmse_num": 0.22518181526355885, "imp_acc_cat": null, "imp_n_num": 1579, "imp_n_cat": 0}, "lightgbm": {"mae": 0.09205068181380056, "rmse": 0.13823034391688171, "r2": 0.6443701065864131, "imp_mae_num": 0.16857561216451358, "imp_rmse_num": 0.22518181526355885, "imp_acc_cat": null, "imp_n_num": 1579, "imp_n_cat": 0}}, "simple_const": {"ridge_regression": {"mae": 0.09708260131950829, "rmse": 0.1403350285010244, "r2": 0.6334580745526635, "imp_mae_num": 0.3652217787781028, "imp_rmse_num": 0.4133134868298679, "imp_acc_cat": null, "imp_n_num": 1579, "imp_n_cat": 0}, "random_forest": {"mae": 0.09528204563844772, "rmse": 0.14047091387817703, "r2": 0.6327478911790179, "imp_mae_num": 0.3652217787781028, "imp_rmse_num": 0.4133134868298679, "imp_acc_cat": null, "imp_n_num": 1579, "imp_n_cat": 0}, "lightgbm": {"mae": 0.09043911840156113, "rmse": 0.13766205703464404, "r2": 0.6472881977299391, "imp_mae_num": 0.3652217787781028, "imp_rmse_num": 0.4133134868298679, "imp_acc_cat": null, "imp_n_num": 1579, "imp_n_cat": 0}}, "knn_3": {"ridge_regression": {"mae": 0.09622240717450718, "rmse": 0.1416958545765908, "r2": 0.6263149080691656, "imp_mae_num": 0.0768154920716618, "imp_rmse_num": 0.10093739856845589, "imp_acc_cat": null, "imp_n_num": 1579, "imp_n_cat": 0}, "random_forest": {"mae": 0.09428528422976677, "rmse": 0.14021651104424016, "r2": 0.6340769260731931, "imp_mae_num": 0.0768154920716618, "imp_rmse_num": 0.10093739856845589, "imp_acc_cat": null, "imp_n_num": 1579, "imp_n_cat": 0}, "lightgbm": {"mae": 0.09108217492800338, "rmse": 0.13768156930304182, "r2": 0.6471882036539465, "imp_mae_num": 0.0768154920716618, "imp_rmse_num": 0.10093739856845589, "imp_acc_cat": null, "imp_n_num": 1579, "imp_n_cat": 0}}, "knn_5": {"ridge_regression": {"mae": 0.097124763734129, "rmse": 0.14475273078581255, "r2": 0.6100175947027431, "imp_mae_num": 0.07329773581442046, "imp_rmse_num": 0.09733028811478307, "imp_acc_cat": null, "imp_n_num": 1579, "imp_n_cat": 0}, "random_forest": {"mae": 0.09611774571707615, "rmse": 0.1420532602340074, "r2": 0.6244274060686124, "imp_mae_num": 0.07329773581442046, "imp_rmse_num": 0.09733028811478307, "imp_acc_cat": null, "imp_n_num": 1579, "imp_n_cat": 0}, "lightgbm": {"mae": 0.09183206593227665, "rmse": 0.14310171351344653, "r2": 0.6188629654003827, "imp_mae_num": 0.07329773581442046, "imp_rmse_num": 0.09733028811478307, "imp_acc_cat": null, "imp_n_num": 1579, "imp_n_cat": 0}}, "knn_7": {"ridge_regression": {"mae": 0.0963063586961537, "rmse": 0.14327423794290495, "r2": 0.6179434084581228, "imp_mae_num": 0.07137302864554151, "imp_rmse_num": 0.09526035709380636, "imp_acc_cat": null, "imp_n_num": 1579, "imp_n_cat": 0}, "random_forest": {"mae": 0.095317129783379, "rmse": 0.1409802672633899, "r2": 0.6300797195930298, "imp_mae_num": 0.07137302864554151, "imp_rmse_num": 0.09526035709380636, "imp_acc_cat": null, "imp_n_num": 1579, "imp_n_cat": 0}, "lightgbm": {"mae": 0.09222426859911538, "rmse": 0.142211218143971, "r2": 0.6235916963456343, "imp_mae_num": 0.07137302864554151, "imp_rmse_num": 0.09526035709380636, "imp_acc_cat": null, "imp_n_num": 1579, "imp_n_cat": 0}}, "iterative": {"ridge_regression": {"mae": 0.09775585133273686, "rmse": 0.1434358974788685, "r2": 0.6170807560158093, "imp_mae_num": 0.05394850044961429, "imp_rmse_num": 0.07491592592508685, "imp_acc_cat": null, "imp_n_num": 1579, "imp_n_cat": 0}, "random_forest": {"mae": 0.0941865362907058, "rmse": 0.13989058535829732, "r2": 0.6357760857077535, "imp_mae_num": 0.05394850044961429, "imp_rmse_num": 0.07491592592508685, "imp_acc_cat": null, "imp_n_num": 1579, "imp_n_cat": 0}, "lightgbm": {"mae": 0.091413742071022, "rmse": 0.13835113689618944, "r2": 0.6437482986324348, "imp_mae_num": 0.05394850044961429, "imp_rmse_num": 0.07491592592508685, "imp_acc_cat": null, "imp_n_num": 1579, "imp_n_cat": 0}}, "miceforest": {"ridge_regression": {"mae": 0.10045215307019748, "rmse": 0.14549429124526972, "r2": 0.6060116419768664, "imp_mae_num": 0.12101211477089045, "imp_rmse_num": 0.15388470366535728, "imp_acc_cat": null, "imp_n_num": 1579, "imp_n_cat": 0}, "random_forest": {"mae": 0.09734770289605844, "rmse": 0.1424050650408958, "r2": 0.6225648390839686, "imp_mae_num": 0.12101211477089045, "imp_rmse_num": 0.15388470366535728, "imp_acc_cat": null, "imp_n_num": 1579, "imp_n_cat": 0}, "lightgbm": {"mae": 0.09189048098165892, "rmse": 0.13873697178149638, "r2": 0.6417584920524136, "imp_mae_num": 0.12101211477089045, "imp_rmse_num": 0.15388470366535728, "imp_acc_cat": null, "imp_n_num": 1579, "imp_n_cat": 0}}}}}}