{"key": "bank_marketing", "seed": 42, "exp_cache": {"MCAR_1": {"dataset": "bank_marketing", "mechanism": "MCAR", "rate": 0.01, "results": {"dropna": {"logistic_regression": {"accuracy": 0.8223388305847077, "macro_f1": 0.7789529985492301, "weighted_f1": 0.8307810821652152}, "random_forest": {"accuracy": 0.8365817091454273, "macro_f1": 0.7814521559291057, "weighted_f1": 0.839543894094364}, "lightgbm": {"accuracy": 0.8373313343328336, "macro_f1": 0.7896741408861676, "weighted_f1": 0.8426599339150592}}, "simple_mean": {"logistic_regression": {"accuracy": 0.844741789229238, "macro_f1": 0.7285067281143831, "weighted_f1": 0.8645824875097862, "imp_mae_num": 251.67787067359464, "imp_rmse_num": 437.87212339919955, "imp_acc_cat": 0.5402810968666829, "imp_n_num": 2520, "imp_n_cat": 2832}, "random_forest": {"accuracy": 0.83932323344023, "macro_f1": 0.7265057739438963, "weighted_f1": 0.8610592419072406, "imp_mae_num": 251.67787067359464, "imp_rmse_num": 437.87212339919955, "imp_acc_cat": 0.5402810968666829, "imp_n_num": 2520, "imp_n_cat": 2832}, "lightgbm": {"accuracy": 0.8539201592391905, "macro_f1": 0.7465396393313739, "weighted_f1": 0.8729115152065771, "imp_mae_num": 251.67787067359464, "imp_rmse_num": 437.87212339919955, "imp_acc_cat": 0.5402810968666829, "imp_n_num": 2520, "imp_n_cat": 2832}}, "simple_median": {"logistic_regression": {"accuracy": 0.8444100409156253, "macro_f1": 0.7284074203864096, "weighted_f1": 0.8643719131792822, "imp_mae_num": 205.06374852315412, "imp_rmse_num": 459.1632923263291, "imp_acc_cat": 0.5402810968666829, "imp_n_num": 2520, "imp_n_cat": 2832}, "random_forest": {"accuracy": 0.8423089682627447, "macro_f1": 0.7288908864340892, "weighted_f1": 0.8632124889006811, "imp_mae_num": 205.06374852315412, "imp_rmse_num": 459.1632923263291, "imp_acc_cat": 0.5402810968666829, "imp_n_num": 2520, "imp_n_cat": 2832}, "lightgbm": {"accuracy": 0.8551365697224372, "macro_f1": 0.7488383620799319, "weighted_f1": 0.874000300604432, "imp_mae_num": 205.06374852315412, "imp_rmse_num": 459.1632923263291, "imp_acc_cat": 0.5402810968666829, "imp_n_num": 2520, "imp_n_cat": 2832}}, "simple_freq": {"logistic_regression": {"accuracy": 0.8442994581444211, "macro_f1": 0.7285566807933959, "weighted_f1": 0.8643314849780787, "imp_mae_num": 223.86912019570974, "imp_rmse_num": 486.65491469126584, "imp_acc_cat": 0.5402810968666829, "imp_n_num": 2520, "imp_n_cat": 2832}, "random_forest": {"accuracy": 0.8423089682627447, "macro_f1": 0.7290241495623727, "weighted_f1": 0.8632338193310535, "imp_mae_num": 223.86912019570974, "imp_rmse_num": 486.65491469126584, "imp_acc_cat": 0.5402810968666829, "imp_n_num": 2520, "imp_n_cat": 2832}, "lightgbm": {"accuracy": 0.8520402521287184, "macro_f1": 0.7451195035326533, "weighted_f1": 0.8715733238374069, "imp_mae_num": 223.86912019570974, "imp_rmse_num": 486.65491469126584, "imp_acc_cat": 0.5402810968666829, "imp_n_num": 2520, "imp_n_cat": 2832}}, "simple_const": {"logistic_regression": {"accuracy": 0.8450735375428509, "macro_f1": 0.729701970615974, "weighted_f1": 0.8649725941945922, "imp_mae_num": 242.9427782458736, "imp_rmse_num": 502.88621452017503, "imp_acc_cat": 0.5402810968666829, "imp_n_num": 2520, "imp_n_cat": 2832}, "random_forest": {"accuracy": 0.8435253787459914, "macro_f1": 0.7301183720305096, "weighted_f1": 0.8641290058616495, "imp_mae_num": 242.9427782458736, "imp_rmse_num": 502.88621452017503, "imp_acc_cat": 0.5402810968666829, "imp_n_num": 2520, "imp_n_cat": 2832}, "lightgbm": {"accuracy": 0.8502709277894503, "macro_f1": 0.7419442282544113, "weighted_f1": 0.8700171157231288, "imp_mae_num": 242.9427782458736, "imp_rmse_num": 502.88621452017503, "imp_acc_cat": 0.5402810968666829, "imp_n_num": 2520, "imp_n_cat": 2832}}, "knn_3": {"logistic_regression": {"accuracy": 0.8439677098308084, "macro_f1": 0.7277726484933185, "weighted_f1": 0.864008801148158, "imp_mae_num": 275.9744907619625, "imp_rmse_num": 501.5297872546888, "imp_acc_cat": 0.5402810968666829, "imp_n_num": 2520, "imp_n_cat": 2832}, "random_forest": {"accuracy": 0.8406502266946809, "macro_f1": 0.7279744304006168, "weighted_f1": 0.8620818601135003, "imp_mae_num": 275.9744907619625, "imp_rmse_num": 501.5297872546888, "imp_acc_cat": 0.5402810968666829, "imp_n_num": 2520, "imp_n_cat": 2832}, "lightgbm": {"accuracy": 0.8520402521287184, "macro_f1": 0.7446150106641058, "weighted_f1": 0.8714921884348426, "imp_mae_num": 275.9744907619625, "imp_rmse_num": 501.5297872546888, "imp_acc_cat": 0.5402810968666829, "imp_n_num": 2520, "imp_n_cat": 2832}}, "knn_5": {"logistic_regression": {"accuracy": 0.8438571270596041, "macro_f1": 0.7275110176005037, "weighted_f1": 0.8639011851793137, "imp_mae_num": 274.9793778841912, "imp_rmse_num": 480.35042904859205, "imp_acc_cat": 0.5402810968666829, "imp_n_num": 2520, "imp_n_cat": 2832}, "random_forest": {"accuracy": 0.8396549817538428, "macro_f1": 0.7268722912920078, "weighted_f1": 0.8613148479654082, "imp_mae_num": 274.9793778841912, "imp_rmse_num": 480.35042904859205, "imp_acc_cat": 0.5402810968666829, "imp_n_num": 2520, "imp_n_cat": 2832}, "lightgbm": {"accuracy": 0.855025986951233, "macro_f1": 0.7485839124257203, "weighted_f1": 0.8738939481562144, "imp_mae_num": 274.9793778841912, "imp_rmse_num": 480.35042904859205, "imp_acc_cat": 0.5402810968666829, "imp_n_num": 2520, "imp_n_cat": 2832}}, "knn_7": {"logistic_regression": {"accuracy": 0.8437465442883999, "macro_f1": 0.7273867840687873, "weighted_f1": 0.8638160425388713, "imp_mae_num": 263.5171762309152, "imp_rmse_num": 462.784123020744, "imp_acc_cat": 0.5402810968666829, "imp_n_num": 2520, "imp_n_cat": 2832}, "random_forest": {"accuracy": 0.8444100409156253, "macro_f1": 0.7317768316799248, "weighted_f1": 0.8649185109249243, "imp_mae_num": 263.5171762309152, "imp_rmse_num": 462.784123020744, "imp_acc_cat": 0.5402810968666829, "imp_n_num": 2520, "imp_n_cat": 2832}, "lightgbm": {"accuracy": 0.8548048214088245, "macro_f1": 0.7479486674094389, "weighted_f1": 0.8736607222249524, "imp_mae_num": 263.5171762309152, "imp_rmse_num": 462.784123020744, "imp_acc_cat": 0.5402810968666829, "imp_n_num": 2520, "imp_n_cat": 2832}}, "iterative": {"logistic_regression": {"accuracy": 0.8442994581444211, "macro_f1": 0.7280084627367007, "weighted_f1": 0.8642418003300171, "imp_mae_num": 247.13959149943616, "imp_rmse_num": 432.4980296172371, "imp_acc_cat": 0.5402810968666829, "imp_n_num": 2520, "imp_n_cat": 2832}, "random_forest": {"accuracy": 0.8417560544067234, "macro_f1": 0.729730818596803, "weighted_f1": 0.8630181439927698, "imp_mae_num": 247.13959149943616, "imp_rmse_num": 432.4980296172371, "imp_acc_cat": 0.5402810968666829, "imp_n_num": 2520, "imp_n_cat": 2832}, "lightgbm": {"accuracy": 0.8535884109255778, "macro_f1": 0.7465333748829301, "weighted_f1": 0.8727151401828145, "imp_mae_num": 247.13959149943616, "imp_rmse_num": 432.4980296172371, "imp_acc_cat": 0.5402810968666829, "imp_n_num": 2520, "imp_n_cat": 2832}}, "miceforest": {"logistic_regression": {"accuracy": 0.8082494747318367, "macro_f1": 0.6817709251659196, "weighted_f1": 0.8354486857067209, "imp_mae_num": 302.1919837752502, "imp_rmse_num": 557.0377246966655, "imp_acc_cat": 0.0, "imp_n_num": 2520, "imp_n_cat": 2832}, "random_forest": {"accuracy": 0.8502709277894503, "macro_f1": 0.7300336565462432, "weighted_f1": 0.8680425344089931, "imp_mae_num": 302.1919837752502, "imp_rmse_num": 557.0377246966655, "imp_acc_cat": 0.0, "imp_n_num": 2520, "imp_n_cat": 2832}, "lightgbm": {"accuracy": 0.8462899480260976, "macro_f1": 0.734689734546418, "weighted_f1": 0.8664978639196047, "imp_mae_num": 302.1919837752502, "imp_rmse_num": 557.0377246966655, "imp_acc_cat": 0.0, "imp_n_num": 2520, "imp_n_cat": 2832}}}}}}