{"key": "adult", "seed": 456, "exp_cache": {"MCAR_1": {"dataset": "adult", "mechanism": "MCAR", "rate": 0.01, "results": {"dropna": {"logistic_regression": {"accuracy": 0.8119603859827323, "macro_f1": 0.7770390361116734, "weighted_f1": 0.8221667862819093}, "random_forest": {"accuracy": 0.7949466734382935, "macro_f1": 0.7629652770389703, "weighted_f1": 0.8074938165123454}, "lightgbm": {"accuracy": 0.8374809547993906, "macro_f1": 0.804375289712906, "weighted_f1": 0.8455325795179554}}, "simple_mean": {"logistic_regression": {"accuracy": 0.8143105742655339, "macro_f1": 0.7779526576765952, "weighted_f1": 0.8247957816805074, "imp_mae_num": 12236.309632704602, "imp_rmse_num": 17879.40089044914, "imp_acc_cat": 0.5828050682091177, "imp_n_num": 2349, "imp_n_cat": 3035}, "random_forest": {"accuracy": 0.7956802129184154, "macro_f1": 0.7628449069945591, "weighted_f1": 0.808850467674119, "imp_mae_num": 12236.309632704602, "imp_rmse_num": 17879.40089044914, "imp_acc_cat": 0.5828050682091177, "imp_n_num": 2349, "imp_n_cat": 3035}, "lightgbm": {"accuracy": 0.8381615313747569, "macro_f1": 0.8040488414142246, "weighted_f1": 0.8466729655479319, "imp_mae_num": 12236.309632704602, "imp_rmse_num": 17879.40089044914, "imp_acc_cat": 0.5828050682091177, "imp_n_num": 2349, "imp_n_cat": 3035}}, "simple_median": {"logistic_regression": {"accuracy": 0.8145153035111066, "macro_f1": 0.7782852839898816, "weighted_f1": 0.8250109080520742, "imp_mae_num": 11960.586111057752, "imp_rmse_num": 17966.75669349052, "imp_acc_cat": 0.5828050682091177, "imp_n_num": 2349, "imp_n_cat": 3035}, "random_forest": {"accuracy": 0.7951683898044836, "macro_f1": 0.7617648025565908, "weighted_f1": 0.8082723120846165, "imp_mae_num": 11960.586111057752, "imp_rmse_num": 17966.75669349052, "imp_acc_cat": 0.5828050682091177, "imp_n_num": 2349, "imp_n_cat": 3035}, "lightgbm": {"accuracy": 0.8370355205241069, "macro_f1": 0.8028687813520086, "weighted_f1": 0.8456549142763993, "imp_mae_num": 11960.586111057752, "imp_rmse_num": 17966.75669349052, "imp_acc_cat": 0.5828050682091177, "imp_n_num": 2349, "imp_n_cat": 3035}}, "simple_freq": {"logistic_regression": {"accuracy": 0.8151294912478247, "macro_f1": 0.7788003412250399, "weighted_f1": 0.8255354665258844, "imp_mae_num": 12616.832275035675, "imp_rmse_num": 18130.772997498545, "imp_acc_cat": 0.5828050682091177, "imp_n_num": 2349, "imp_n_cat": 3035}, "random_forest": {"accuracy": 0.7896407001740199, "macro_f1": 0.757385104017176, "weighted_f1": 0.803504629909036, "imp_mae_num": 12616.832275035675, "imp_rmse_num": 18130.772997498545, "imp_acc_cat": 0.5828050682091177, "imp_n_num": 2349, "imp_n_cat": 3035}, "lightgbm": {"accuracy": 0.8355000511823114, "macro_f1": 0.8007851500896339, "weighted_f1": 0.8441404691835541, "imp_mae_num": 12616.832275035675, "imp_rmse_num": 18130.772997498545, "imp_acc_cat": 0.5828050682091177, "imp_n_num": 2349, "imp_n_cat": 3035}}, "simple_const": {"logistic_regression": {"accuracy": 0.8119561879414474, "macro_f1": 0.7752929678023256, "weighted_f1": 0.8226132364714962, "imp_mae_num": 31426.028254948556, "imp_rmse_num": 36755.47433097786, "imp_acc_cat": 0.5828050682091177, "imp_n_num": 2349, "imp_n_cat": 3035}, "random_forest": {"accuracy": 0.7954754836728427, "macro_f1": 0.7624390483999448, "weighted_f1": 0.808624764799854, "imp_mae_num": 31426.028254948556, "imp_rmse_num": 36755.47433097786, "imp_acc_cat": 0.5828050682091177, "imp_n_num": 2349, "imp_n_cat": 3035}, "lightgbm": {"accuracy": 0.8376497082608251, "macro_f1": 0.8030001594955709, "weighted_f1": 0.8460731767915044, "imp_mae_num": 31426.028254948556, "imp_rmse_num": 36755.47433097786, "imp_acc_cat": 0.5828050682091177, "imp_n_num": 2349, "imp_n_cat": 3035}}, "knn_3": {"logistic_regression": {"accuracy": 0.8144129388883202, "macro_f1": 0.7779209289184222, "weighted_f1": 0.8248537084074854, "imp_mae_num": 14868.920665085701, "imp_rmse_num": 20636.62246992707, "imp_acc_cat": 0.5828050682091177, "imp_n_num": 2349, "imp_n_cat": 3035}, "random_forest": {"accuracy": 0.7958849421639881, "macro_f1": 0.7623222241093879, "weighted_f1": 0.8088858097950536, "imp_mae_num": 14868.920665085701, "imp_rmse_num": 20636.62246992707, "imp_acc_cat": 0.5828050682091177, "imp_n_num": 2349, "imp_n_cat": 3035}, "lightgbm": {"accuracy": 0.8393899068481933, "macro_f1": 0.8050508041751103, "weighted_f1": 0.8477066700077961, "imp_mae_num": 14868.920665085701, "imp_rmse_num": 20636.62246992707, "imp_acc_cat": 0.5828050682091177, "imp_n_num": 2349, "imp_n_cat": 3035}}, "knn_5": {"logistic_regression": {"accuracy": 0.8142082096427474, "macro_f1": 0.7778962323856184, "weighted_f1": 0.8247157007832281, "imp_mae_num": 13604.995366703739, "imp_rmse_num": 19285.94046789176, "imp_acc_cat": 0.5828050682091177, "imp_n_num": 2349, "imp_n_cat": 3035}, "random_forest": {"accuracy": 0.7987511516020064, "macro_f1": 0.7656597254759563, "weighted_f1": 0.8115694594067581, "imp_mae_num": 13604.995366703739, "imp_rmse_num": 19285.94046789176, "imp_acc_cat": 0.5828050682091177, "imp_n_num": 2349, "imp_n_cat": 3035}, "lightgbm": {"accuracy": 0.8386733544886887, "macro_f1": 0.8046078995755067, "weighted_f1": 0.8471416975340348, "imp_mae_num": 13604.995366703739, "imp_rmse_num": 19285.94046789176, "imp_acc_cat": 0.5828050682091177, "imp_n_num": 2349, "imp_n_cat": 3035}}, "knn_7": {"logistic_regression": {"accuracy": 0.8143105742655339, "macro_f1": 0.7779966315456104, "weighted_f1": 0.8248067834748866, "imp_mae_num": 13188.150080735659, "imp_rmse_num": 18604.487498157152, "imp_acc_cat": 0.5828050682091177, "imp_n_num": 2349, "imp_n_cat": 3035}, "random_forest": {"accuracy": 0.7956802129184154, "macro_f1": 0.7628449069945591, "weighted_f1": 0.808850467674119, "imp_mae_num": 13188.150080735659, "imp_rmse_num": 18604.487498157152, "imp_acc_cat": 0.5828050682091177, "imp_n_num": 2349, "imp_n_cat": 3035}, "lightgbm": {"accuracy": 0.8373426143924659, "macro_f1": 0.8027712404130138, "weighted_f1": 0.8458206310431727, "imp_mae_num": 13188.150080735659, "imp_rmse_num": 18604.487498157152, "imp_acc_cat": 0.5828050682091177, "imp_n_num": 2349, "imp_n_cat": 3035}}, "iterative": {"logistic_regression": {"accuracy": 0.8144129388883202, "macro_f1": 0.7781409748292706, "weighted_f1": 0.8249088515261667, "imp_mae_num": 12244.626851213647, "imp_rmse_num": 17845.847775460843, "imp_acc_cat": 0.5828050682091177, "imp_n_num": 2349, "imp_n_cat": 3035}, "random_forest": {"accuracy": 0.7943494728221927, "macro_f1": 0.7614057210654857, "weighted_f1": 0.8076268030756534, "imp_mae_num": 12244.626851213647, "imp_rmse_num": 17845.847775460843, "imp_acc_cat": 0.5828050682091177, "imp_n_num": 2349, "imp_n_cat": 3035}, "lightgbm": {"accuracy": 0.8385709898659024, "macro_f1": 0.8041792480920118, "weighted_f1": 0.8469631124922131, "imp_mae_num": 12244.626851213647, "imp_rmse_num": 17845.847775460843, "imp_acc_cat": 0.5828050682091177, "imp_n_num": 2349, "imp_n_cat": 3035}}, "miceforest": {"logistic_regression": {"accuracy": 0.7999795270754427, "macro_f1": 0.7621720603796032, "weighted_f1": 0.8116081137510823, "imp_mae_num": 17710.340619043185, "imp_rmse_num": 24962.22745157259, "imp_acc_cat": 0.0, "imp_n_num": 2349, "imp_n_cat": 3035}, "random_forest": {"accuracy": 0.8128774695465247, "macro_f1": 0.7775511151809729, "weighted_f1": 0.8237666617475682, "imp_mae_num": 17710.340619043185, "imp_rmse_num": 24962.22745157259, "imp_acc_cat": 0.0, "imp_n_num": 2349, "imp_n_cat": 3035}, "lightgbm": {"accuracy": 0.8343740403316614, "macro_f1": 0.7995666007949245, "weighted_f1": 0.8431122381225101, "imp_mae_num": 17710.340619043185, "imp_rmse_num": 24962.22745157259, "imp_acc_cat": 0.0, "imp_n_num": 2349, "imp_n_cat": 3035}}}}}}